{
"apiVersion": "V2",
"assemblies": [
{
  "files": [
    {
      "filePath": "data_summary.tsv",
      "fileType": "DATA_TABLE"
    },
    {
      "filePath": "assembly_data_report.jsonl",
      "fileType": "DATA_REPORT"
    }
  ]
},{
  "accession": "GCA_021545825.1",
  "files": [
    {
      "filePath": "GCA_021545825.1/GCA_021545825.1_ASM2154582v1_genomic.fna",
      "fileType": "GENOMIC_NUCLEOTIDE_FASTA"
    },
    {
      "filePath": "GCA_021545825.1/genomic.gtf",
      "fileType": "GTF"
    },
    {
      "filePath": "GCA_021545825.1/genomic.gff",
      "fileType": "GFF3"
    }
  ]
},{
  "accession": "GCF_021545825.1",
  "files": [
    {
      "filePath": "GCF_021545825.1/GCF_021545825.1_ASM2154582v1_genomic.fna",
      "fileType": "GENOMIC_NUCLEOTIDE_FASTA"
    },
    {
      "filePath": "GCF_021545825.1/genomic.gtf",
      "fileType": "GTF"
    },
    {
      "filePath": "GCF_021545825.1/genomic.gff",
      "fileType": "GFF3"
    }
  ]
}]}
